category,car_name,image_url,2025-09-23
Treasure Hunts,'58 Impala Treasure Hunts Art Cars 1:64 HCX98 Black,https://retromagaz.com/uploads/products/79/c7/site_1g9khn51t_51e080ed.webp,399.0
MainLine,LB-Works Lamborghini Huracan Coupe Exotics 1:64 HCT97 White,https://retromagaz.com/uploads/products/95/32/site_f3mqum2c6_5aa56476.webp,399.0
MainLine,Honda Civic Custom J-Imports 1:64 HCT11 Blue,https://retromagaz.com/uploads/products/93/bc/site_f3158lvar_7dc11811.webp,249.0
MainLine,Nissan Skyline H/T 2000GT-X J-Imports 1:64 HCV11 Green,https://retromagaz.com/uploads/products/1a/97/site_f5lgk89vq_3c8766f6.webp,229.0
MainLine,Honda S2000 J-Imports 1:64 HCX25 Red,https://retromagaz.com/uploads/products/33/f6/site_fdhjcohu4_19ffb98a.webp,349.0
MainLine,Raijin Express Art Cars 1:64 HCX59 Gold,https://retromagaz.com/uploads/products/63/bd/site_f316cfkep_93c55c58.webp,429.0
MainLine,'98 Honda Prelude J-Imports 1:64 GTB05 Yellow,https://retromagaz.com/uploads/products/1a/cb/site_f4i2jp7r0_245a2972.webp,399.0
MainLine,'99 Honda Civic Type R (EK9) J-Imports 1:64 GRX62 White,https://retromagaz.com/uploads/products/0f/34/site_f4i29gjfq_9bc802cc.webp,399.0
MainLine,'17 Nissan GT-R (R35) Then and Now 1:64 GTC70 Grey,https://retromagaz.com/uploads/products/07/bd/site_f59i165a5_b7cf78bf.webp,399.0
Treasure Hunts,DC Batman The Dark Knight Batmobile Treasure Hunts Batman 1:64 HCX94 Dark Blue,https://retromagaz.com/uploads/products/6d/9f/site_f50jrcpsm_8db1c034.webp,449.0
MainLine,'98 Subaru Impreza 22B STi-Version J-Imports 1:64 GTB01 Dark Blue,https://retromagaz.com/uploads/products/02/a9/site_f4m8sogrg_6b8fb8b7.webp,399.0
MainLine,'98 Subaru Impreza 22B STi-Version J-Imports 1:64 GTC74 Grey,https://retromagaz.com/uploads/products/d1/96/site_f4m8j48ir_28affdfc.webp,399.0
MainLine,'98 Honda Prelude J-Imports 1:64 GTC08 Red,https://retromagaz.com/uploads/products/f6/87/site_f4i2qkf5p_91fc7087.webp,399.0
MainLine,Nissan 300ZX Twin Turbo Turbo 1:64 GRY55 Blue,https://retromagaz.com/uploads/products/c2/2e/site_f5crljl8o_b2ffbe82.webp,249.0
MainLine,Skyline GT-R (BNR34) Nissan 1:64 FYC52 Green,https://retromagaz.com/uploads/products/d3/45/site_f5c1jnldu_c9ba187e.webp,749.0
MainLine,'19 Mercedes-Benz A-Class Forza Horizon 1:64 GRP35 Black,https://retromagaz.com/uploads/products/be/f5/site_f420vt6of_09f15a22.webp,399.0
Premium,1995 Honda Integra Type R Red Line Club RLC 1:64 HMY22 White,https://retromagaz.com/uploads/products/b0/eb/site_fldb78kf4_45c437ba.webp,2499.0
Premium,Nissan Skyline GT-R (BCNR33) Fast & Furious 1:64 GBW83 Yellow,https://retromagaz.com/uploads/products/9c/97/site_fldbof9be_e853a0f5.webp,1999.0
Premium,Honda Civic EG Hello Kitty Modern Classics 1:64 GJR00 Pink,https://retromagaz.com/uploads/products/4d/c6/site_fldc4kn4m_d2e304e3.webp,2399.0
Team Transport,2шт RWB Porsche 930 та Транспортер Aero Lift Team Transport 1:64 GJT37 Purple,https://retromagaz.com/uploads/products/74/af/site_fldck23jc_62593342.webp,2699.0
Premium,Porsche 964 Red Line Club RLC 1:64 HNL26 Green,https://retromagaz.com/uploads/products/5d/0e/site_fldd3d8lr_62fbe13a.webp,2799.0
Premium,Nissan Silvia (S15) Fast & Furious 1:64 GJR63 Black,https://retromagaz.com/uploads/products/c0/9e/site_fldb32ija_19f244b0.webp,1299.0
Premium,RWB Porsche 930 Silhouettes 1:64 FYN68 Black,https://retromagaz.com/uploads/products/05/50/site_fldas8j4f_42ef6473.webp,2699.0
Premium,Volkswagen Jetta MK3 Fast & Furious 1:64 GBW85 White,https://retromagaz.com/uploads/products/b6/a4/site_fldahp3go_2af016d7.webp,2199.0
Matchbox,Mercedes-Benz Sprinter Moving Parts 1:64 FWD28/HVM94 Black,https://retromagaz.com/uploads/products/2b/d7/site_fki5g6q5q_926613fe.webp,429.0
MainLine,'16 Mercedes-AMG GT3 Neon Speeders 1:64 HLH72/HRW79 Black,https://retromagaz.com/uploads/products/4f/8b/site_fkp7tga46_0d5f2604.webp,299.0
MainLine,'15 Dodge Challenger SRT Hellcat Neon Speeders 1:64 HLH72/HRW80 Black,https://retromagaz.com/uploads/products/42/f6/site_fkp97oo6v_3e9c43e8.webp,369.0
Premium,'17 Toyota Tacoma Elite 64 1:64 HNJ64 White,https://retromagaz.com/uploads/products/4d/35/site_fm0hos2na_77374728.webp,1149.0
Premium,Nissan Skyline GT-R (BNR34) Red Line Club RLC 1:64 HWF14 Purple,https://retromagaz.com/uploads/products/8a/41/site_fle3urssj_3acaa454.webp,4699.0
Premium,'21 Pagani Huayra R Red Line Club RLC 1:64 HMY25 Silver,https://retromagaz.com/uploads/products/ff/2a/site_flesvf02a_28793288.webp,2699.0
Premium,1968 Custom Plymouth Barracuda Red Line Club RLC 1:64 HWF13 Teal,https://retromagaz.com/uploads/products/8c/8e/site_fle3nq4kk_11333eaa.webp,1799.0
Premium,2023 Toyota GR Corolla Chase Slide Street 1:64 HKC87 Black,https://retromagaz.com/uploads/products/aa/11/site_fldc8601h_f833d45a.webp,2399.0
Diorama,4шт Pandem Subaru BRZ / Nissan Maxima Drift Car / Custom Datsun 240Z / Fleet Street Greddy Diorama 1:64 HRT53 White,https://retromagaz.com/uploads/products/e7/0a/site_fldblme5t_bd6a4b43.webp,1849.0
Premium,Freightliner Cascadia Elite 64 1:64 HNJ63 Black,https://retromagaz.com/uploads/products/2c/40/site_fo2l4t4pc_44f609c9.webp,6999.0
Matchbox,1965 Land Rover Series II Forward Control Moving Parts 1:64 FWD28/HVM81 Blue,https://retromagaz.com/uploads/products/1e/b4/site_fo53mriku_f730c857.webp,339.0
Matchbox,2023 BMW IX Moving Parts 1:64 FWD28/HVM89 White,https://retromagaz.com/uploads/products/67/7c/site_fo54f8u65_f0f6a6e7.webp,349.0
Premium,Nissan Skyline GT-R (R32) Pandem Modern Classics 1:64 HRV68 White,https://retromagaz.com/uploads/products/01/1d/site_foel54q3p_c21e03d5.webp,699.0
Premium,Nissan Skyline GT-R (R32) Pandem Chase Modern Classics 1:64 HRW01 Black,https://retromagaz.com/uploads/products/ab/d5/site_foem35bih_8b899c9a.webp,6499.0
Matchbox,Porsche Taycan GTS Sport Turismo Moving Parts 1:64 FWD28/HVM84 Red,https://retromagaz.com/uploads/products/c5/98/site_fnb9rlklf_f9e8b570.webp,349.0
Matchbox,1995 Volkswagen Golf MK3 Moving Parts 1:64 FWD28/HVN08 Blue,https://retromagaz.com/uploads/products/05/af/site_fnbak06hg_a11a36c6.webp,379.0
Premium,1975 Chevrolet Monte Carlo Red Line Club RLC 1:64 HWF19 Teal,https://retromagaz.com/uploads/products/ff/d4/site_fo2kiukvo_d3f46409.webp,2699.0
Premium,Porsche 911 GT2 EVO 993 Advan Elite 64 1:64 HWR94 Black,https://retromagaz.com/uploads/products/db/56/site_fqrs8tprj_59080e79.webp,1799.0
Premium,2шт Porsche 993 GT2 / 718 Cayman GT4 2-Packs 1:64 HRR82 Yellow,https://retromagaz.com/uploads/products/4f/91/site_fr1mga767_c421494a.webp,1199.0
MainLine,Volkswagen Caddy Surf's Up 1:64 JCB69 Red,https://retromagaz.com/uploads/products/57/38/site_fsvi2m25t_fcbafa8e.webp,259.0
Super Treasure Hunt,Porsche 911 Rallye Super Treasure Hunt STH Safari 1:64 JBC41 Green,https://retromagaz.com/uploads/products/80/ae/site_fti1tlpcf_be7cf2b5.webp,2899.0
Team Transport,2шт 2023 Land Rover Defender 110 / Jaguar Mk1 та Транспортер Rally Trailer Team Transport 1:64 JBM29 Silver,https://retromagaz.com/uploads/products/9d/b0/site_fr84adpuc_f60fb9f2.webp,1199.0
Team Transport,2шт '18 Toyota 4Runner / '89 Supra та Транспортер Open Trailer Team Transport 1:64 HRV37 Grey,https://retromagaz.com/uploads/products/75/1e/site_fr84son6j_9903ba7d.webp,1299.0
Matchbox,Porsche Cayman European Streets 1:64 JCH22 Red,https://retromagaz.com/uploads/products/11/8a/site_frp31noql_22d39095.webp,239.0
Premium,1986 Nissan 720 King Cab Red Line Club RLC 1:64 HMY26 Purple,https://retromagaz.com/uploads/products/9b/6c/site_flespq3d5_9cb7207d.webp,2899.0
Super Treasure Hunt,Mazda 787B Super Treasure Hunt STH Race Day 1:64 HTF39 Orange,https://retromagaz.com/uploads/products/cb/51/site_fletfldgn_c86562f9.webp,2399.0
Super Treasure Hunt,'77 Pontiac Firebird T/A Super Treasure Hunt STH Muscle Mania 1:64 HTF40 Black,https://retromagaz.com/uploads/products/d1/e8/site_flet7d9ts_1bd8ddc7.webp,2199.0
Matchbox,1970 Volkswagen T2 Bus Germany 1:64 HVT70/HVV22 Red,https://retromagaz.com/uploads/products/8a/c6/site_fle4e6b2j_67c2d8f0.webp,379.0
Matchbox,Велике Місто Matchbox '15 Mercedes-Benz G-Class Special Edition 1:64 HJF43 Blue,https://retromagaz.com/uploads/products/83/5b/site_fljug740k_529489c1.webp,299.0
Super Treasure Hunt,'96 Nissan 180SX Type X Super Treasure Hunt STH The `90S 1:64 HTF41 Blue,https://retromagaz.com/uploads/products/c9/3f/site_fle4810oo_ef49050a.webp,2699.0
Premium,2011 Porsche 911 GT3 RS Forza Motorsport 1:64 DWJ93 Silver,https://retromagaz.com/uploads/products/08/e9/site_flkma6s4l_3f440a93.webp,999.0
Treasure Hunts,Bone Shaker Treasure Hunts Track Champs 1:64 HTF24 White,https://retromagaz.com/uploads/products/30/3e/site_flq6a0ohp_2026dd5f.webp,249.0
MainLine,'78 Porsche 935-78 Ultra Hots 1:64 HDG52/HRX11 Silver,https://retromagaz.com/uploads/products/79/5a/site_flqvlctrc_e1265d1d.webp,349.0
Matchbox,Volkswagen Golf GTI Germany 1:64 HVV05/HVV34 Black,https://retromagaz.com/uploads/products/20/7a/site_fmhgroekf_dd71507c.webp,299.0
Diorama,4шт Nissan Skyline GT-R (BNR32) / (BCNR33) / (BNR34) / Retro Rig Diorama 1:64 GRN86 White,https://retromagaz.com/uploads/products/11/23/site_fmhhc9rej_1389533f.webp,4299.0
Diorama,4шт Volkswagen Jetta MK3 / '70 Dodge Charger R/T / Toyota Supra / Carry On Fast & Furious Diorama 1:64 GMH41 White,https://retromagaz.com/uploads/products/81/45/site_fmhhr4fuq_3352ba21.webp,3399.0
Matchbox,'59 Volkswagen Microbus Chase Moving Parts 1:64 HVN22 Orange,https://retromagaz.com/uploads/products/73/af/site_fmhi9d332_3716a515.webp,2799.0
Premium,The Simpsons Family Car Rep. Entertainment 1:64 DWJ90 Pink,https://retromagaz.com/uploads/products/7d/60/site_fmi98d3bl_be4531b2.webp,1749.0
Premium,Ecto-1 Ghostbusters Rep. Entertainment 1:64 DWJ72 White,https://retromagaz.com/uploads/products/65/6c/site_fmi9h2t4n_3e584eed.webp,1199.0
Premium,Nissan Skyline GT-R (R34) Fast & Furious Rep. Entertainment 1:64 DWJ88 Blue,https://retromagaz.com/uploads/products/d1/d9/site_fmmgvp36s_6290bd0c.webp,1599.0
Premium,Porsche 356 Speedster Forza Rep. Entertainment 1:64 DWJ96 Blue,https://retromagaz.com/uploads/products/a1/63/site_fmmhfmgar_ae9a98a1.webp,1099.0
Premium,Delorean Back to the Future Time Machine Rep. Entertainment 1:64 DJF49 Silver,https://retromagaz.com/uploads/products/66/e7/site_fmmhj7frl_00708851.webp,1399.0
Premium,Back to the Future Delorean Time Machine 2 Rep. Entertainment 1:64 FXY49 Silver,https://retromagaz.com/uploads/products/9a/f9/site_fmckmgt2r_8e2e48ea.webp,1399.0
Treasure Hunts,Ford Transit Connect Treasure Hunts Vans 1:64 HTF26 White,https://retromagaz.com/uploads/products/93/22/site_fm3qok8hp_fdfb2ed6.webp,439.0
Premium,1992 GMC Typhoon Red Line Club RLC 1:64 HWF06 Black,https://retromagaz.com/uploads/products/79/61/site_fm5i668be_65132c52.webp,2299.0
Premium,1964 Jaguar E-Type Red Line Club RLC 1:64 HGK82 Green,https://retromagaz.com/uploads/products/0a/16/site_fm5huprse_d2763cd3.webp,1899.0
Premium,Dodge Tradesman Red Line Club RLC 1:64 HGK78 Purple,https://retromagaz.com/uploads/products/19/02/site_fm5hob8hl_6a6c0b6a.webp,3699.0
Premium,“Kawa-Bug-A” ‘49 VW Beetle Red Line Club RLC 1:64 HGK76 Blue,https://retromagaz.com/uploads/products/f4/95/site_fm5hi64a7_372a1b3e.webp,3799.0
Premium,'82 Lamborghini Countach LP500 S Red Line Club RLC 1:64 HGW20 Green,https://retromagaz.com/uploads/products/a8/cc/site_fm5hcosr1_782ab0d2.webp,2399.0
Premium,'32 Ford Red Line Club RLC 1:64 HGW19 Red,https://retromagaz.com/uploads/products/fe/b5/site_fm5h8gr95_6b3f2b8a.webp,2099.0
Premium,Nissan Skyline GT-R (BNR34) Red Line Club RLC 1:64 HGK73 Silver,https://retromagaz.com/uploads/products/1e/2a/site_fm5h423r9_1d9f16e2.webp,5999.0
Premium,Honda S2000 Red Line Club RLC 1:64 HGW15 Gold,https://retromagaz.com/uploads/products/39/f1/site_fm5h065qi_51fe4216.webp,2999.0
Premium,'64 Impala Red Line Club RLC 1:64 GLH86 Pink,https://retromagaz.com/uploads/products/76/e1/site_fm5fodm9c_54e71aef.webp,5599.0
Premium,'64 Impala Snowman Red Line Club RLC 1:64 GXJ23 Blue,https://retromagaz.com/uploads/products/f9/e1/site_fm5fgp6h0_8655c30f.webp,4499.0
Premium,2006 BMW M3 Red Line Club RLC 1:64 GXJ28 Blue,https://retromagaz.com/uploads/products/b6/12/site_fm5f9hjfi_cb40d2c2.webp,2999.0
Premium,2006 BMW M3 Red Line Club RLC 1:64 GLH84 Yellow,https://retromagaz.com/uploads/products/ef/46/site_fm4k437me_004d1d18.webp,2999.0
Premium,1991 BMW M3 Red Line Club RLC 1:64 GXJ17 Blue,https://retromagaz.com/uploads/products/4c/17/site_fm4jt7pvh_4bc34d4a.webp,3499.0
Premium,1972 Skyline H/T 2000GT-R Red Line Club RLC 1:64 GXJ15 Silver,https://retromagaz.com/uploads/products/44/d7/site_fm4jjb359_382ecbee.webp,2499.0
Matchbox,Велике Місто Matchbox 1994 Lexus LS 400 Highway 1:64 Black,https://retromagaz.com/uploads/products/80/4f/site_fmbrhff5p_e1c2a5ac.webp,279.0
MainLine,The Simpsons Family Car Screen Time 1:64 DTX37 Pink,https://retromagaz.com/uploads/products/63/4e/site_fmmg10re4_3825c1c2.webp,1399.0
Diorama,4шт 2016 BMW M2 / 2001 M5 (E39) / M3 (E46) / Fleet Flyer Diorama 1:64 HCR52 White,https://retromagaz.com/uploads/products/fe/a2/site_fm9gdl643_c091ad4a.webp,2299.0
Super Treasure Hunt,Shelby Cobra 427 S/C Super Treasure Hunt STH Muscle Mania 1:64 GTD13 Red,https://retromagaz.com/uploads/products/ba/d4/site_fmnsiqp6h_8cf6c0a5.webp,2499.0
Super Treasure Hunt,'64 Nova Wagon Gasser Super Treasure Hunt STH Race Team 1:64 GTD06 Blue,https://retromagaz.com/uploads/products/6f/d9/site_fmnsvkpif_f09f2738.webp,1699.0
Super Treasure Hunt,'68 Mercury Cougar Super Treasure Hunt STH Flames 1:64 GTD02 Green,https://retromagaz.com/uploads/products/09/33/site_fmntfojk0_946813f1.webp,1799.0
Super Treasure Hunt,Honda Civic Type R HKS Super Treasure Hunt STH J-Imports 1:64 GTD05 Black,https://retromagaz.com/uploads/products/4c/4b/site_fpha8hnps_42b1d411.webp,3099.0
Super Treasure Hunt,Porsche 356 Outlaw Gulf Super Treasure Hunt STH Speed Graphics 1:64 GTD08 Blue,https://retromagaz.com/uploads/products/62/ae/site_fphb2r9et_06f06bfe.webp,4899.0
Super Treasure Hunt,Corvette Grand Sport Roadster Super Treasure Hunt STH Race Day 1:64 GTC99 Teal,https://retromagaz.com/uploads/products/ec/86/site_fmo1jdjpk_29df15dd.webp,1599.0
Super Treasure Hunt,Nissan 300ZX Twin Turbo Super Treasure Hunt STH Turbo 1:64 GTD10 Blue,https://retromagaz.com/uploads/products/5b/b3/site_fmnvi0tss_f1b60260.webp,2799.0
Super Treasure Hunt,Dodge Van Super Treasure Hunt STH Metro 1:64 HCY16 Purple,https://retromagaz.com/uploads/products/6a/bc/site_fmrukbhnh_9e8bec51.webp,1499.0
Super Treasure Hunt,'63 Studebaker Champ Super Treasure Hunt STH Hot Trucks 1:64 HCY14 Black,https://retromagaz.com/uploads/products/3b/25/site_fmrubo04d_04bd78f9.webp,1599.0
Super Treasure Hunt,Mercedes-Benz 300 SL Super Treasure Hunt STH Retro Racers 1:64 HKL09 Red,https://retromagaz.com/uploads/products/17/88/site_fmrsbfv7j_1628584e.webp,1899.0
Super Treasure Hunt,Renault Sport R.S. 01 Super Treasure Hunt STH Turbo 1:64 HKL21 Red,https://retromagaz.com/uploads/products/c7/ba/site_fmrtoecbh_57af5a4e.webp,1549.0
Premium,McLaren F1 Red Line Club RLC 1:64 HGK75 Orange,https://retromagaz.com/uploads/products/1b/9e/site_fm9fqsj32_7332d73e.webp,2299.0
Premium,'70 Ford Mustang Boss 302 Red Line Club RLC 1:64 HWF17 Yellow,https://retromagaz.com/uploads/products/42/63/site_fm9flv4ff_e502f7b2.webp,1599.0
MainLine,Porsche 993 GT2 Neon Speeders 1:64 JBY99 Black,https://retromagaz.com/uploads/products/fa/3e/site_fq28p36ab_31e36ee0.webp,319.0
Matchbox,Велике Місто Matchbox 1963 Mercedes-Benz 230 SL Showroom 1:64 JBR79/JBP22 Gold,https://retromagaz.com/uploads/products/bb/0a/site_fotvrgt6d_6d585885.webp,199.0
Matchbox,Велике Місто Matchbox Audi R8 Super Chase Showroom 1:64 Orange,https://retromagaz.com/uploads/products/e9/d2/site_fplb3hojc_26d48039.webp,799.0
MainLine,Knight Rider K.I.T.T. Screen Time 1:64 HYX27 Black,https://retromagaz.com/uploads/products/32/35/site_fpld7cgnu_53345777.webp,199.0
MainLine,Tesla Model S Plaid EV 1:64 HYX58 White,https://retromagaz.com/uploads/products/7c/c4/site_frcu0vule_7c0cf845.webp,299.0
MainLine,Williams Racing Formula 1 Track Aces 1:64 JBC07 Blue,https://retromagaz.com/uploads/products/6a/06/site_fpldp9i3g_12906a69.webp,499.0
Treasure Hunts,'85 Honda City Turbo II Treasure Hunts J-Imports 1:64 JBC25 Green,https://retromagaz.com/uploads/products/5d/c2/site_ftp9q2nju_7d7c846f.webp,399.0
Premium,Audi RS 6 Avant Chase Fast Wagons 1:64 JBK71 Black,https://retromagaz.com/uploads/products/01/18/site_fu4k30lrp_795c56e4.webp,2599.0
Super Treasure Hunt,'20 Dodge Charger Hellcat Super Treasure Hunt STH Muscle Mania 1:64 JCB47 Green,https://retromagaz.com/uploads/products/88/64/site_funu7849o_2dc836af.webp,2199.0
Premium,LB-WORKS McLaren 720S Chase Silhouettes 1:64 JBK62 Blue,https://retromagaz.com/uploads/products/09/8f/site_fuidboktb_1d954afb.webp,2999.0
Premium,Back to the Future Time Machine Pop Culture 1:64 JBL65 Silver,https://retromagaz.com/uploads/products/f6/21/site_fukn13510_91d2ee86.webp,649.0
MainLine,Porsche Panamera Turbo S E-Hybrid Sport Turismo Hybrid Speed 1:64 JCB79 Blue,https://retromagaz.com/uploads/products/8f/16/site_futdtdquj_01f71168.webp,229.0
MainLine,Lamborghini Sian FKP 37 Hybrid Speed 1:64 JCB77 Red,https://retromagaz.com/uploads/products/1f/5a/site_fv40r7d7e_40e272bf.webp,269.0
Matchbox,2024 Mercedes-Benz G 580 With EQ Technology Moving Parts 1:64 JBW92 Black,https://retromagaz.com/uploads/products/ad/d2/site_fujrltpg4_d2f8d74a.webp,449.0
Treasure Hunts,Rig Storm Netflix Treasure Hunts X-Raycers 1:64 JBC24 Purple,https://retromagaz.com/uploads/products/3d/e6/site_fttbh5sll_dd2b2993.webp,219.0
Super Treasure Hunt,BMW M3 Wagon Super Treasure Hunt STH Wagons 1:64 JBC48 Green,https://retromagaz.com/uploads/products/23/ad/site_fvkud0vcv_8171b2e4.webp,2499.0
MainLine,BMW M3 Wagon Wagons 1:64 JBC48 Green,https://retromagaz.com/uploads/products/06/d6/site_fvkuu1jtt_c9fdac01.webp,229.0
MainLine,1983 Porsche 928S Muscle Mania 1:64 HYW53 Red,https://retromagaz.com/uploads/products/fd/2c/site_fvlhiv7o9_0a1d9c42.webp,229.0
MainLine,Ferrari SF90 Stradale Factory Fresh 1:64 HYY08 Grey,https://retromagaz.com/uploads/products/bb/a9/site_fvknqudm9_b508171b.webp,299.0
MainLine,'89 Mercedes-Benz 560 SEC AMG Turbo 1:64 JBB85 Blue,https://retromagaz.com/uploads/products/8b/64/site_fvlijguup_fdac01f7.webp,249.0
MainLine,BMW 635 CSi Wild Widebody 1:64 JBB84 Orange,https://retromagaz.com/uploads/products/a4/65/site_fvkockb8a_1168cfe3.webp,299.0
Premium,BMW M3 Touring Elite 64 1:64 HWR93 Blue,https://retromagaz.com/uploads/products/66/a7/site_fvefadhl3_508171b2.webp,1599.0
Premium,Toyota Corolla Levin (AE86) Custom Elite 64 1:64 JCV06 White,https://retromagaz.com/uploads/products/d4/4c/site_fvktm5aa5_e33c91d9.webp,1599.0
Premium,McLaren Formula 1 Team (#4) Formula One 1:64 JBM11 Orange,https://retromagaz.com/uploads/products/9e/6c/site_fvmicjfts_41346c43.webp,1199.0
Premium,KICK Sauber F1 Team (#24) Formula One 1:64 JBM23 Green,https://retromagaz.com/uploads/products/aa/b0/site_fvmim8kaj_150619d3.webp,1099.0
Premium,McLaren Formula 1 Team (#81) Formula One 1:64 JBM25 Orange,https://retromagaz.com/uploads/products/b0/b1/site_fvmietpsa_f4b654ba.webp,1099.0
Premium,Bugatti Bolide Chase EuroSpeed 1:64 JBK80 Black,https://retromagaz.com/uploads/products/8d/fa/site_fvpq890ab_24321658.webp,2999.0
Premium,2022 Ford Mustang Shelby GT500 Code Red Red Line Club RLC 1:64 HWF05 Silver,https://retromagaz.com/uploads/products/7b/b7/site_fp9be25p5_08fb23e3.webp,2999.0
Premium,'21 Pagani Huayra R Red Line Club RLC 1:64 HWF21 Blue,https://retromagaz.com/uploads/products/86/ac/site_fp9bk6ihi_3ca29c32.webp,2299.0
Super Treasure Hunt,Aston Martin DB4GT High-Speed Edition Zamac Super Treasure Hunt STH Dream Garage 1:64 JBC39 Gold,https://retromagaz.com/uploads/products/a0/93/site_ftojrj6fa_e42994d8.webp,2499.0
MainLine,'99 Honda Civic Type R (EK9) Red Edition 1:64 HCY63 Red,https://retromagaz.com/uploads/products/fc/c2/site_fs3f37ep8_c4a47f29.webp,1999.0
Premium,2024 Toyota Land Cruiser Chase Off-Road 1:64 JBK75 Black,https://retromagaz.com/uploads/products/7d/25/site_fsqqdhuk8_36795e0a.webp,2699.0
Super Treasure Hunt,'83 Chevy Silverado Super Treasure Hunt STH Then and Now 1:64 HTF44 Blue,https://retromagaz.com/uploads/products/99/a8/site_fpha5k894_83bac109.webp,2299.0
Super Treasure Hunt,Hirohata Merc Super Treasure Hunt STH Rod Squad 1:64 JBC36 Purple,https://retromagaz.com/uploads/products/73/03/site_fnsahdr1d_9a6af82b.webp,2299.0
Premium,"""Rexy"" Porsche 911 GT3 R (992) Chase Race Day 1:64 HRV96 Pink",https://retromagaz.com/uploads/products/7d/67/site_foekq3ev6_5ef058ec.webp,9999.0
Super Treasure Hunt,'20 Jeep Gladiator Super Treasure Hunt STH Dirt 1:64 JBC40 Black,https://retromagaz.com/uploads/products/ae/89/site_fpqtl3fl6_52f2c311.webp,2199.0
Super Treasure Hunt,'71 Mustang Funny Car Super Treasure Hunt STH Mustang 60th 1:64 JBC42 Red,https://retromagaz.com/uploads/products/d2/23/site_fti39f601_a5165720.webp,2299.0
Premium,Lancia Stratos Zero Chase Hammer Drop 1:64 HRW10 Black,https://retromagaz.com/uploads/products/6a/d8/site_fthckq82c_6e77785a.webp,2299.0
Premium,Premium Matchbox 2022 Mercedes-Benz EQS Collectors 1:64 HVW23 Red,https://retromagaz.com/uploads/products/24/e5/site_fth87g495_1d673d66.webp,649.0
